{
	"id": "02888979-28fa-4ced-b9a1-5aba63f11804",
	"name": "EhrScape",
	"values": [
		{
			"key": "baseUrl",
			"value": "https://rest.ehrscape.com/rest/v1",
			"enabled": true
		},
		{
			"key": "templateId",
			"value": "Vital Signs",
			"enabled": true
		},
		{
			"key": "terminologyBaseUrl",
			"value": "https://rest.ehrscape.com/terminology-adapter/rest/terminology",
			"enabled": true
		},
		{
			"key": "terminologyCodeSystem",
			"value": "ICD10",
			"enabled": true
		},
		{
			"key": "formName",
			"value": "Vital Signs",
			"enabled": true
		},
		{
			"key": "formVersion",
			"value": "1.0.0",
			"enabled": true
		},
		{
			"key": "storeBaseUrl",
			"value": "https://rest.ehrscape.com/store",
			"enabled": true
		},
		{
			"key": "----v----v----v----v----v----",
			"value": "required variables are above this line, you can delete those below to reset state",
			"enabled": true
		},
		{
			"key": "cdrRestBaseURL",
			"value": "undefined/rest/v1",
			"enabled": true
		}
	],
	"_postman_variable_scope": "environment",
	"_postman_exported_at": "2019-06-14T08:28:48.512Z",
	"_postman_exported_using": "Postman/7.1.1"
}